P5031288vv,img/P5031288vv.JPG
P5031292,img/P5031292.JPG
P5031295,img/P5031295.JPG
P5031298,img/P5031298.JPG
P5031299,img/P5031299.JPG
P5031300,img/P5031300.JPG
P5031301,img/P5031301.JPG
P5031302,img/P5031302.JPG
P5031304,img/P5031304.JPG
P5031305,img/P5031305.JPG
P5031306,img/P5031306.JPG
P5031310,img/P5031310.JPG
P5031365,img/P5031365.JPG
P5031367,img/P5031367.JPG
P5031373,img/P5031373.JPG
P5031378,img/P5031378.JPG
P5031389,img/P5031389.JPG
P5031392,img/P5031392.JPG
P5031393,img/P5031393.JPG
P5031399,img/P5031399.JPG
P5031400,img/P5031400.JPG
P5031401,img/P5031401.JPG
P5031402,img/P5031402.JPG
P5031406,img/P5031406.JPG
P5031407,img/P5031407.JPG
P5031408,img/P5031408.JPG
P5270682,img/P5270682.JPG
P6081118,img/P6081118.JPG
P6081119,img/P6081119.JPG
P6081122,img/P6081122.JPG
P6081124,img/P6081124.JPG
P6081125,img/P6081125.JPG
P6081126,img/P6081126.JPG
P6081127,img/P6081127.JPG
P6081129,img/P6081129.JPG
P6081133,img/P6081133.JPG
P6081135,img/P6081135.JPG
P6081136,img/P6081136.JPG
P6081137,img/P6081137.JPG
P6081140,img/P6081140.JPG
P6081141,img/P6081141.JPG
P6081142,img/P6081142.JPG
P6081144,img/P6081144.JPG
P6081145,img/P6081145.JPG
P6081146,img/P6081146.JPG
